-- Seed data: 5 customers, 7 accounts, 3 transactions
-- Idempotent: uses ON CONFLICT DO NOTHING

-- Customers
INSERT INTO customer_svc.customer (id, tax_id, first_name, last_name, email, phone, status, created_at)
VALUES
  ('a1b2c3d4-1111-4000-8000-000000000001', '8471926350', 'Anna', 'Kovács', 'kovacs.anna@example.hu', '+36301234567', 'ACTIVE', NOW()),
  ('a1b2c3d4-1111-4000-8000-000000000002', '3928174650', 'Péter', 'Szabó', 'szabo.peter@example.hu', '+36209876543', 'ACTIVE', NOW()),
  ('a1b2c3d4-1111-4000-8000-000000000003', '6150483927', 'Eszter', 'Tóth', 'toth.eszter@example.hu', '+36701112233', 'ACTIVE', NOW()),
  ('a1b2c3d4-1111-4000-8000-000000000004', '2749381056', 'Gábor', 'Nagy', 'nagy.gabor@example.hu', '+36304445566', 'ACTIVE', NOW()),
  ('a1b2c3d4-1111-4000-8000-000000000005', '5083617294', 'Katalin', 'Horváth', 'horvath.katalin@example.hu', '+36207778899', 'ACTIVE', NOW())
ON CONFLICT (id) DO NOTHING;

-- Accounts
INSERT INTO account_svc.account (id, account_number, customer_id, account_type, balance, currency, status, created_at)
VALUES
  ('b1b2c3d4-2222-4000-8000-000000000001', 'HU42117730161110180000000001', 'a1b2c3d4-1111-4000-8000-000000000001', 'CHECKING', 1500000.00, 'HUF', 'ACTIVE', NOW()),
  ('b1b2c3d4-2222-4000-8000-000000000002', 'HU42117730161110180000000006', 'a1b2c3d4-1111-4000-8000-000000000001', 'SAVINGS',    2500.00, 'EUR', 'ACTIVE', NOW()),
  ('b1b2c3d4-2222-4000-8000-000000000003', 'HU42117730161110180000000002', 'a1b2c3d4-1111-4000-8000-000000000002', 'CHECKING',  850000.00, 'HUF', 'ACTIVE', NOW()),
  ('b1b2c3d4-2222-4000-8000-000000000004', 'HU42117730161110180000000003', 'a1b2c3d4-1111-4000-8000-000000000003', 'CHECKING',    3200.00, 'EUR', 'ACTIVE', NOW()),
  ('b1b2c3d4-2222-4000-8000-000000000005', 'HU42117730161110180000000004', 'a1b2c3d4-1111-4000-8000-000000000004', 'CHECKING', 2300000.00, 'HUF', 'ACTIVE', NOW()),
  ('b1b2c3d4-2222-4000-8000-000000000006', 'HU42117730161110180000000007', 'a1b2c3d4-1111-4000-8000-000000000004', 'SAVINGS',    5000.00, 'USD', 'ACTIVE', NOW()),
  ('b1b2c3d4-2222-4000-8000-000000000007', 'HU42117730161110180000000005', 'a1b2c3d4-1111-4000-8000-000000000005', 'SAVINGS',  750000.00, 'HUF', 'ACTIVE', NOW())
ON CONFLICT (id) DO NOTHING;

-- Transactions
INSERT INTO tx_svc.transaction (id, transaction_ref, from_account_id, to_account_id, amount, currency, status, created_at, completed_at)
VALUES
  ('c1b2c3d4-3333-4000-8000-000000000001', 'seed-tx-001', 'b1b2c3d4-2222-4000-8000-000000000001', 'b1b2c3d4-2222-4000-8000-000000000003', 25000.00, 'HUF', 'COMPLETED', NOW(), NOW()),
  ('c1b2c3d4-3333-4000-8000-000000000002', 'seed-tx-002', 'b1b2c3d4-2222-4000-8000-000000000004', 'b1b2c3d4-2222-4000-8000-000000000002',   100.00, 'EUR', 'COMPLETED', NOW(), NOW()),
  ('c1b2c3d4-3333-4000-8000-000000000003', 'seed-tx-003', 'b1b2c3d4-2222-4000-8000-000000000005', 'b1b2c3d4-2222-4000-8000-000000000007', 50000.00, 'HUF', 'COMPLETED', NOW(), NOW())
ON CONFLICT (id) DO NOTHING;
